sport,season,season_id,teamId,G,FGM,FGA,FG%,3PM,3PA,3P%,2PM,2PA,2P%,FTM,FTA,FT%,ORB,DRB,TRB,AST,STL,BLK,TOV,PTS,AU_PTS,eFG%,shootingFoulsCommitted,shootingFoulsDrawn,personalFoulsCommitted,personalFoulsDrawn,offensiveFoulsCommitted,offensiveFoulsDrawn,doubleDoubles,tripleDoubles
basketball,2024,171,416,9,35,89,0.393,8,20,0.4,27,69,0.391,16,18,0.889,15,29,44,19,14,11,13,94,4553,0.43820224719101125,13,9,7,3,3,2,2,0
basketball,2024,171,417,8,35,69,0.507,9,23,0.391,26,46,0.565,9,10,0.9,3,34,37,22,11,9,15,88,4736,0.572463768115942,4,7,6,2,0,0,0,0
basketball,2024,171,418,9,27,73,0.37,7,21,0.333,20,52,0.385,6,10,0.6,9,26,35,18,9,2,16,67,1088,0.4178082191780822,7,4,2,6,0,0,0,0
basketball,2024,171,419,10,32,78,0.41,6,19,0.316,26,59,0.441,21,26,0.808,15,31,46,20,9,10,21,91,1521,0.44871794871794873,9,13,3,7,2,3,1,0
