sport,season,season_id,teamId,G,FGM,FGA,FG%,3PM,3PA,3P%,2PM,2PA,2P%,FTM,FTA,FT%,ORB,DRB,TRB,AST,STL,BLK,TOV,PTS,AU_PTS,eFG%,shootingFoulsCommitted,shootingFoulsDrawn,personalFoulsCommitted,personalFoulsDrawn,offensiveFoulsCommitted,offensiveFoulsDrawn,doubleDoubles,tripleDoubles
basketball,2024,171,416,28,103,228,0.452,21,58,0.362,82,170,0.482,62,75,0.827,31,73,104,63,34,19,41,289,10021,0.49780701754385964,30,32,26,15,6,6,3,0
basketball,2024,171,417,27,109,214,0.509,34,76,0.447,75,138,0.543,46,57,0.807,14,85,99,73,36,18,47,298,13613,0.5887850467289719,32,27,22,19,5,3,1,0
basketball,2024,171,418,26,87,220,0.395,19,58,0.328,68,162,0.42,39,51,0.765,30,86,116,56,21,17,41,232,4583,0.43863636363636366,28,20,9,21,1,2,2,0
basketball,2024,171,419,30,89,229,0.389,18,65,0.277,71,164,0.433,67,84,0.798,37,102,139,51,17,22,42,263,7822,0.4279475982532751,28,39,16,18,4,5,2,0
