sport,season,season_id,teamId,G,FGM,FGA,FG%,3PM,3PA,3P%,2PM,2PA,2P%,FTM,FTA,FT%,ORB,DRB,TRB,AST,STL,BLK,TOV,PTS,AU_PTS,eFG%,shootingFoulsCommitted,shootingFoulsDrawn,personalFoulsCommitted,personalFoulsDrawn,offensiveFoulsCommitted,offensiveFoulsDrawn,doubleDoubles,tripleDoubles
basketball,2024,171,416,28,103,228,0.452,21,58,0.362,82,170,0.482,62,75,0.827,31,73,104,63,34,19,41,289,10021,0.49780701754385964,30,32,26,15,6,6,3,0
basketball,2024,171,417,27,109,214,0.509,34,76,0.447,75,138,0.543,46,57,0.807,14,85,99,73,36,18,47,298,13613,0.5887850467289719,32,27,22,19,5,3,1,0
basketball,2024,171,418,26,87,220,0.395,19,58,0.328,68,162,0.42,39,51,0.765,30,86,116,56,21,17,41,232,4583,0.43863636363636366,28,20,9,21,1,2,2,0
basketball,2024,171,419,30,89,229,0.389,18,65,0.277,71,164,0.433,67,84,0.798,37,102,139,51,17,22,42,263,7822,0.4279475982532751,28,39,16,18,4,5,2,0
basketball,2024,171,420,8,31,77,0.403,7,24,0.292,24,53,0.453,18,18,1.0,16,28,44,19,10,5,17,87,3946,0.44805194805194803,13,10,2,3,1,0,0,0
basketball,2024,171,421,9,40,74,0.541,8,19,0.421,32,55,0.582,13,19,0.684,10,31,41,18,6,6,19,101,3201,0.5945945945945946,11,10,5,5,2,3,1,0
basketball,2024,171,422,10,34,83,0.41,11,28,0.393,23,55,0.418,16,23,0.696,13,23,36,25,13,4,14,95,2657,0.4759036144578313,10,11,5,5,3,2,1,0
basketball,2024,171,423,8,30,68,0.441,5,21,0.238,25,47,0.532,21,25,0.84,8,27,35,15,10,4,13,86,2009,0.47794117647058826,10,13,3,2,0,1,2,0
